CAT = "countries/Catalonia.txt"
CRN = "countries/Cornwall.txt"
BAV = "countries/Bavaria.txt"
PRS = "countries/Prussia.txt"
VCT = "countries/Vatican.txt"
RUS = "countries/Russia.txt"
EGL = "countries/England.txt"
KOS = "countries/Kosovo.txt"
MRV = "countries/Moravia.txt"
WUR = "countries/Wurttemburg.txt"
SAR = "countries/Saar.txt"
SAX = "countries/Saxony.txt"
DAN = "countries/Danzig.txt"
FLA = "countries/Flanders.txt"
WLL = "countries/Wallonia.txt"
KAR = "countries/Karelia.txt"
BGN = "countries/Burgundy.txt"
BRT = "countries/Brittany.txt"
RHI = "countries/Rhineland.txt"
VNC = "countries/Venice.txt"
LOM = "countries/Lombardy.txt"
PIE = "countries/Piedmont.txt"
TUS = "countries/Tuscany.txt"
SRD = "countries/Sardinia.txt"
BAD = "countries/Baden.txt"
HAN = "countries/Hanover.txt"
HES = "countries/Hesse.txt"
WSF = "countries/Westfalen.txt"
THU = "countries/Thuringia.txt"
SCH = "countries/Schleswig Holstein.txt"
SIL = "countries/Silesia.txt"
BDB = "countries/Brandenburg.txt"
MCK = "countries/Mecklenburg.txt"
POM = "countries/Pomerania.txt"
ALC = "countries/Alsace.txt"
LOR = "countries/Lorraine.txt"
OLD = "countries/Oldenburg.txt"
NAP = "countries/Naples.txt"
SIC = "countries/Sicily.txt"
GEN = "countries/Genoa.txt"
PRM = "countries/Parma.txt"
MDN = "countries/Modena.txt"
GLC = "countries/Galicia and Lodomeria.txt"
TRV = "countries/Transylvania.txt"
DLM = "countries/Dalmatia.txt"
BNT = "countries/Banat.txt"
VJD = "countries/Vojvodina.txt"
TYR = "countries/Tyrol.txt"
LMK = "countries/Lemko.txt"
SDT = "countries/Sudetenland.txt"
LIV = "countries/Livonia.txt"
COU = "countries/Courland.txt"
CRP = "countries/Carpatho-Ukraine.txt"
MUN = "countries/Munster.txt"
LEI = "countries/Leinster.txt"
CNG = "countries/Connacht.txt"
DRN = "countries/Drenthe.txt"
GEL = "countries/Gelderland.txt"
GRN = "countries/Groningen.txt"
NBR = "countries/North Brabant.txt"
NHO = "countries/North Holland.txt"
SHO = "countries/South Holland.txt"
OVJ = "countries/Overjissel.txt"
UTR = "countries/Utrecht.txt"
ZEE = "countries/Zeeland.txt"
MRC = "countries/Murcia.txt"
BRB = "countries/Brabant.txt"
ANT = "countries/Antwerp.txt"
PIC = "countries/Picardie.txt"
LEG = "countries/Liege.txt"
NMR = "countries/Namur.txt"
HNT = "countries/Hainaut.txt"
FRR = "countries/Ferrara.txt"
URB = "countries/Urbino.txt"
MNU = "countries/Mantua.txt"
SPL = "countries/Spoleto.txt"
BRS = "countries/Brussels.txt"
CNB = "countries/Cantabria.txt"
AGV = "countries/Algarve.txt"
FIU = "countries/Fiume.txt"
FRU = "countries/Friuli.txt"
TRT = "countries/Trentino.txt"
SDJ = "countries/Sandjak.txt"
LEO = "countries/Leon.txt"
BSQ = "countries/Basque.txt"
GAL = "countries/Galicia.txt"
CRE = "countries/Crete.txt"
CSC = "countries/Corsica.txt"
ANL = "countries/Andalusia.txt"
FAR = "countries/Faroe.txt"
ALN = "countries/Aland.txt"
TVL = "countries/Tavolara.txt"
BAR = "countries/Barbados.txt"
BSA = "countries/South Antilles.txt"
PAC = "countries/Pacific Islands.txt"
SLM = "countries/Solomon.txt"
MIC = "countries/Micronesia.txt"
MAR = "countries/Marshall.txt"
PLU = "countries/Palau.txt"
NAU = "countries/Nauru.txt"
NCL = "countries/New Caledonia.txt"
KIR = "countries/Kiribati.txt"
TAH = "countries/Tahiti.txt"
SAM = "countries/Samoa.txt"
TGR = "countries/Tangier.txt"
ANJ = "countries/Anjouan.txt"
MOH = "countries/Mohéli.txt"
WAD = "countries/Wadai.txt"
HOB = "countries/Hobyo.txt"
GLE = "countries/Geledi.txt"
MAJ = "countries/Majerten.txt"
ASS = "countries/Aussa.txt"
ANK = "countries/Ankole.txt"
TOR = "countries/Toro.txt"
BNY = "countries/Bunyoro.txt"
BSG = "countries/Busoga.txt"
KKV = "countries/Kakoveld.txt"
DML = "countries/Damaraland.txt"
RHB = "countries/Rehoboth.txt"
NML = "countries/Namaland.txt"
OVM = "countries/Ovamboland.txt"
KVN = "countries/Kavangoland.txt"
TSW = "countries/Tswanaland.txt"
HRR = "countries/Hereroland.txt"
BSM = "countries/Bushmanland.txt"
KKG = "countries/Kongo.txt"
MYT = "countries/Mayotte.txt"
BHH = "countries/Bophuthatswana.txt"
CSI = "countries/Ciskei.txt"
GZK = "countries/Gazankulu.txt"
KNW = "countries/KaNgwane.txt"
KWN = "countries/KwaNdebele.txt"
KWZ = "countries/KwaZulu.txt"
LBW = "countries/Lebowa.txt"
QWQ = "countries/Qwaqwa.txt"
TSK = "countries/Transkei.txt"
VND = "countries/Venda.txt"
DRV = "countries/Derv.txt"
RWE = "countries/Rwenzururu.txt"
CVD = "countries/Cape Verde.txt"
SAO = "countries/Sao Tome.txt"
SEY = "countries/Seychelles.txt"
SML = "countries/Somalialand.txt"
MRS = "countries/Mauritius.txt"
COM = "countries/Comoros.txt"
RIF = "countries/Rif.txt"
ORA = "countries/Oranje.txt"
ROJ = "countries/South Japan.txt"
PRJ = "countries/North Japan.txt"
DPK = "countries/North Korea.txt"
ROK = "countries/South Korea.txt"
TKI = "countries/Tonkin.txt"
SRW = "countries/Sarawak.txt"
BEI = "countries/Brunei.txt"
BEO = "countries/Borneo.txt"
TUG = "countries/Tunganistan.txt"
XIG = "countries/Xikang.txt"
NIX = "countries/Ningxia Ma Clique.txt"
SHC = "countries/Sichuan Clique.txt"
GND = "countries/Guangdong Clique.txt"                                                              
PIL = "countries/Pailingmiao Council.txt"
SHG = "countries/Shangdong.txt"
EHC = "countries/East Hebei.txt"
SHH = "countries/Shanghai.txt"
HMI = "countries/Hami.txt"
HPC = "countries/Chinese 29th Army.txt"
NEA = "countries/Northeastern Army.txt"
TWN = "countries/Taiwan.txt"
ETM = "countries/East Timor.txt"
KAS = "countries/Kashmir.txt"
HTY = "countries/Hatay.txt"
KUR = "countries/Kurdistan.txt"
BHR = "countries/Bahrain.txt"
HJZ = "countries/Hejaz.txt"
JBL = "countries/Jabal Shammar.txt"
ASR = "countries/Asir.txt"
ADN = "countries/Aden.txt"
GRL = "countries/Greenland.txt"
CAL = "countries/California.txt"
TEX = "countries/Texas.txt"
QUE = "countries/Quebec.txt"
NFL = "countries/New Foundland.txt"
LOU = "countries/Louisiana.txt"
VER = "countries/Vermont.txt"
FLO = "countries/Florida.txt"
ORG = "countries/Oregon.txt"
NEG = "countries/New England.txt"
ALA = "countries/Alaska.txt"
NHM = "countries/New Hampshire.txt"
ALT = "countries/Alberta.txt"
SAS = "countries/Saskatchewan.txt"
NUN = "countries/Nunavut.txt"
NVS = "countries/Nova Scotia.txt"
HAW = "countries/Hawaii.txt"
MCH = "countries/Michigan.txt"
UTH = "countries/Utah.txt"
ARZ = "countries/Arizona.txt"
NWY = "countries/New York.txt"
BRC = "countries/British Columbia.txt"
CAS = "countries/Cascadia.txt"
SBR = "countries/Siberia.txt"
ALI = "countries/Altai.txt"
YML = "countries/Yamalia.txt"
MSC = "countries/Moscovy.txt"
VLG = "countries/Vologda.txt"
KZN = "countries/Kazan.txt"
VLD = "countries/Volgograd.txt"
CSS = "countries/Ciscaucasia.txt"
ASK = "countries/Astrakhan.txt"
KUB = "countries/Kuban.txt"
TRK = "countries/Terek.txt"
PTG = "countries/Petrograd.txt"
MRM = "countries/Murmansk.txt"
CRM = "countries/Crimea.txt"
ORN = "countries/Orenburg.txt"
BSH = "countries/Bashkortostan.txt"
URL = "countries/Urals.txt"
KHA = "countries/Khabarovsk.txt"
DON = "countries/Don.txt"
SZK = "countries/Szeklerland.txt"
ELB = "countries/Elba.txt"
FRN = "countries/Frankfurt.txt"
BRE = "countries/Bremen.txt"
LUB = "countries/Lubeck.txt"
LIE = "countries/Liechtenstein.txt"
MCO = "countries/Monaco.txt"
ADR = "countries/Andorra.txt"
SMR = "countries/San Marino.txt"
TRS = "countries/Trieste.txt"
HAM = "countries/Hamburg.txt"
BRL = "countries/Berlin.txt"
LCC = "countries/Lucca.txt"
LES = "countries/lesotho.txt"
SSU = "countries/south sudan.txt"
SWZ = "countries/swaziland.txt"
TON = "countries/tonga.txt"
TUV = "countries/tuvalu.txt"
VAN = "countries/vanuatu.txt"
ZAN = "countries/zanzibar.txt"
##Special Tags##
UNC = "countries/Unclaimed.txt"
ANC = "countries/Anarchy.txt"
BDT = "countries/Bandits.txt"
TRB = "countries/Tribes.txt"
WST = "countries/Wasteland.txt"
NOM = "countries/Nomads.txt"
##End of Special Tags##
NND = "countries/Normandy.txt"
PAS = "countries/Paris.txt"
ORL = "countries/Orleans.txt"
PVC = "countries/Provence.txt"
FEA = "countries/FrenchEquatorialAfrica.txt"
FWA = "countries/FrenchWestAfrica.txt"
NCM = "countries/NorthCameroons.txt"
SCM = "countries/SouthCameroons.txt"
WPP = "countries/WestPapua.txt"
STR = "countries/StraitsSettlements.txt"
SGP = "countries/Singapore.txt"
NBO = "countries/NorthBorneo.txt"
WTO = "countries/WestTogo.txt"
RUU = "countries/RuandaUrundi.txt"
NGU = "countries/NewGuinea.txt"
SKM = "countries/Sikkim.txt"
TSC = "countries/Transcaucasia.txt"
KED = "countries/Kedah.txt"
KEL = "countries/Kelantan.txt"
TGA = "countries/Terengganu.txt"
JOH = "countries/Johor.txt"
PLS = "countries/Perlis.txt"
HKG = "countries/Hong Kong.txt"
ING = "countries/Ingushetia.txt"
ABK = "countries/Abkhazia.txt"
SOS = "countries/South Ossetia.txt"
NOS = "countries/North Ossetia.txt"
KPK = "countries/Karalpakstan.txt"
TRN = "countries/Transnistria.txt"
NGK = "countries/Nagorno-Karabakh.txt"
CHE = "countries/Chechnya.txt"
DAG = "countries/Dagestan.txt"
KMK = "countries/Kalmykia.txt"
ADY = "countries/Adygea.txt"
ADJ = "countries/Adjara.txt"
NAK = "countries/Nakhchivan.txt"
KRC = "countries/Karachay.txt"
CHR = "countries/Cherkessia.txt"
KBK = "countries/Kabardino-Balkaria.txt"
MNX = "countries/Isle of Man.txt"
NOC = "countries/Northern Cyprus.txt"
WLC = "countries/Wallachia.txt"
FRS = "countries/Frisia.txt"
MST = "countries/Mecklenburg-Strelitz.txt"
SWM = "countries/Saxe-Weimar-Eisenach.txt"
ANH = "countries/Anhalt.txt"
BRU = "countries/Brunswick.txt"
SAL = "countries/Saxe-Altenburg.txt"
SCG = "countries/Saxe-Coburg-Gotha.txt"
SME = "countries/Saxe-Meiningen.txt"
LIP = "countries/Lippe.txt"
RGE = "countries/Reuss-Gera.txt"
RGR = "countries/Reuss-Griez.txt"
SLI = "countries/Schaumburg-Lippe.txt"
SRU = "countries/Schwarzburg-Rudolstadt.txt"
SSO = "countries/Schwarzburg-Sondershausen.txt"
WAP = "countries/Waldeck-Pyrmont.txt"
LIM = "countries/Limburg.txt"
NVI = "countries/North Vietnam.txt"
MRN = "countries/Moresnet.txt"
DOB = "countries/Dobrogea.txt"
BUK = "countries/Bukovina.txt"
SRP = "countries/Srpska.txt"
SCN = "countries/Scania.txt"
SAP = "countries/Sapmi.txt"
NOV = "countries/Novorossiya.txt"
KSH = "countries/Kashubia.txt"
CNR = "countries/Canary Islands.txt"
AZO = "countries/Azores.txt"
MDR = "countries/Madieras.txt"
REU = "countries/Reunion.txt"
ATR = "countries/Asturias.txt"
BAL = "countries/Baleares.txt"
VAL = "countries/Valencia.txt"
LUS = "countries/Lusatia.txt"
ARA = "countries/Aragon.txt"
ABS = "countries/Lakotah.txt"
BLO = "countries/Balochistan.txt"
CAB = "countries/Cabinda.txt"
RIO = "countries/Riogrande.txt"
RGA = "countries/Rio Grande.txt"
YUC = "countries/Yucatan.txt"
MSQ = "countries/Mosquito Coast.txt"
KON = "countries/East Prussia.txt"
PAT = "countries/Patagonia.txt"
RAG = "countries/Ragusa.txt"
BOH = "countries/Bohemia.txt"
CZC = "countries/Czechia.txt"
HZB = "countries/Herzeg-Bosnia.txt"
GAU = "countries/Gaugauzia.txt"
GRI = "countries/Grisons.txt"
MCU = "countries/Macau.txt"
SON = "countries/Sonora.txt"
PMR = "countries/Pamiristan.txt"
KHZ = "countries/Khuzestan.txt"
RPN = "countries/Rapa Nui.txt"
CHP = "countries/Chiapas.txt"
KHL = "countries/Khalistan.txt"
SND = "countries/Sindhudesh.txt"
HOH = "countries/Hohenzollern.txt"
SMA = "countries/Saxony-Magdeburg.txt"
WPR = "countries/West Prussia.txt"
POS = "countries/Posen.txt"
HEN = "countries/Hesse-Nassau.txt"
HKA = "countries/Hesse-Kassel.txt"
SLA = "countries/Saxe-Lauenburg.txt"
VOR = "countries/Vorarlberg.txt"
CRT = "countries/Carinthia.txt"
STY = "countries/Styria.txt"
SLZ = "countries/Salzburg.txt"
UAS = "countries/Upper Austria.txt"
LAS = "countries/Lower Austria.txt"
VNA = "countries/Vienna.txt"
BRG = "countries/Burgenland.txt"
LEY = "countries/Leyen.txt"
NSU = "countries/Nassau.txt"
IST = "countries/Istria.txt"
HHO = "countries/Hesse-Homburg.txt"
PWP = "countries/Posen-West Prussia.txt"
RHD = "countries/Rhodania.txt"
RYU = "countries/Ryukyu.txt"
EZO = "countries/Hokkaido.txt"
STH = "countries/Saint Helena.txt"
BER = "countries/Bermuda.txt"
GIB = "countries/Gibraltar.txt"
FAL = "countries/Falklands.txt"
DMC = "countries/Dominica.txt"
GDA = "countries/Grenada.txt"
MTQ = "countries/Martinique.txt"
NSM = "countries/North Saint Martin.txt"
SSM = "countries/South Saint Martin.txt"
CYM = "countries/Cayman Islands.txt"
TAC = "countries/Turks-Caicos.txt"
STL = "countries/Saint Lucia.txt"
SKT = "countries/Saint Kitts.txt"
NEV = "countries/Nevis.txt"
AGL = "countries/Anguilla.txt"
ANB = "countries/Antigua-Barbuda.txt"
SVC = "countries/Saint Vincent.txt"
SAB = "countries/Saba.txt"
SEU = "countries/Sint Eustatius.txt"
ARU = "countries/Aruba.txt"
BON = "countries/Bonaire.txt"
EVI = "countries/East Virgin Islands.txt"
WVI = "countries/West Virgin Islands.txt"
MSR = "countries/Montserrat.txt"
SBT = "countries/Saint Barthélemy.txt"
SPM = "countries/Saint Pierre-Miquelon.txt"
ESM = "countries/Eastern Samoa.txt"
GUM = "countries/Guam.txt"
JEB = "countries/Jabal Druze.txt"
ALW = "countries/Alawite.txt"
NNL = "countries/Nosnerland.txt"
SHA = "countries/Shan.txt"
KCH = "countries/Kachinland.txt"
RKH = "countries/Arakan.txt"
ASM = "countries/Assam.txt"
GSY = "countries/Guernsey.txt"
JSY = "countries/Jersey.txt"
BIA = "countries/Biafra.txt"
CHT = "countries/Chattagram.txt"
BNG = "countries/Bangabhumi.txt"
SKH = "countries/Sakhalin.txt"
LZG = "countries/Lezgistan.txt"
KHI = "countries/Khiva.txt"
BKH = "countries/Bukhara.txt"
PEN = "countries/Pennsylvania.txt"
MAS = "countries/Massachusetts.txt"
RHO = "countries/Rhode Island.txt"
CON = "countries/Connecticut.txt"
NJR = "countries/New Jersey.txt"
DEL = "countries/Delaware.txt"
MRY = "countries/Maryland.txt"
VIR = "countries/Virginia.txt"
NCR = "countries/North Carolina.txt"
SCR = "countries/South Carolina.txt"
GRG = "countries/Georgia USA.txt"
NVA = "countries/Nevada.txt"
WSH = "countries/Washington.txt"
IDH = "countries/Idaho.txt"
NMX = "countries/New Mexico.txt"
CLR = "countries/Colorado.txt"
WYO = "countries/Wyoming.txt"
MNA = "countries/Montana.txt"
NDA = "countries/North Dakota.txt"
SDA = "countries/South Dakota.txt"
NEB = "countries/Nebraska.txt"
KAN = "countries/Kansas.txt"
OKH = "countries/Oklahoma.txt"
AKS = "countries/Arkansas.txt"
MSS = "countries/Mississippi.txt"
MSI = "countries/Missouri.txt"
IOW = "countries/Iowa.txt"
MNS = "countries/Minnesota.txt"
WSC = "countries/Wisconsin.txt"
ILL = "countries/Illinois.txt"
INA = "countries/Indiana.txt"
OHI = "countries/Ohio.txt"
KNT = "countries/Kentucky.txt"
TNS = "countries/Tennessee.txt"
ALM = "countries/Alabama.txt"
WVR = "countries/West Virginia.txt"
MNE = "countries/Maine.txt"
ONT = "countries/Ontario.txt"
MNB = "countries/Manitoba.txt"
YUK = "countries/Yukon.txt"
NBK = "countries/New Brunswick.txt"
PEI = "countries/Prince Edward Island.txt"
NWT = "countries/Northwest Territories.txt"
LBD = "countries/Labrador.txt"
CHC = "countries/Chicago.txt"
NYC = "countries/Long Island.txt"
NVJ = "countries/Navajo.txt"
CBI = "countries/Cape Breton Island.txt"
VCI = "countries/Vancouver Island.txt"
HDA = "countries/Haida.txt"
MET = "countries/Metis.txt"
GMA = "countries/German America.txt"
PCZ = "countries/Panama Canal Zone.txt"
WDC = "countries/Washington DC.txt"
ABD = "countries/Abu Dhabi.txt"
AJM = "countries/Ajman.txt"
DUB = "countries/Dubai.txt"
RAK = "countries/Ras Al Khaimah.txt"
SHJ = "countries/Sharjah.txt"
UAQ = "countries/Umm Al Quwain.txt"
FUJ = "countries/Fujairah.txt"
SUP = "countries/Superior.txt"
JAO = "countries/Jewish AO.txt"
SCL = "countries/Lower California.txt"
CYR = "countries/Cyrenaica.txt"
EPR = "countries/Epirus.txt"
IKR = "countries/Icaria.txt"
ION = "countries/Ionian Islands.txt"
THR = "countries/Thrace.txt"
KRW = "countries/Cracow.txt"
SMS = "countries/Samos.txt"
WFL = "countries/West Florida.txt"
MML = "countries/Memelland.txt"
OML = "countries/SMO Malta.txt"
NAF = "countries/New Afrika.txt"
LTG = "countries/Latgallia.txt"
SGO = "countries/Samogitia.txt"
OCC = "countries/Occitania.txt"
AMZ = "countries/Amazonas.txt"
SIN = "countries/Sinai.txt"
ACR = "countries/Acre.txt"
VOT = "countries/Votia.txt"
VEP = "countries/Vepsia.txt"
IZH = "countries/Izhoria.txt"
AMU = "countries/Amur.txt"
ARH = "countries/Arkhangelsk.txt"
CHY = "countries/Chelyabinsk.txt"
IVN = "countries/Ivanovo.txt"
KMI = "countries/Komi.txt"
KRV = "countries/Kemerovo.txt"
KSA = "countries/Kostroma.txt"
NVO = "countries/Novosibirsk.txt"
OMS = "countries/Omsk.txt"
PCR = "countries/Pechora.txt"
PNZ = "countries/Penza.txt"
PRR = "countries/Perma.txt"
SRT = "countries/Saratov.txt"
SVR = "countries/Sverolovsk.txt"
TOM = "countries/Tomsk.txt"
TYU = "countries/Tyumen.txt"
ULA = "countries/Ulyanovsk.txt"
FZN = "countries/Fezzan.txt"
TRP = "countries/Tripolitania.txt"
MCR = "countries/Massa.txt"
KBY = "countries/Kabylie.txt"
LGN = "countries/Logone.txt"
KTG = "countries/Katanga.txt"
SDK = "countries/South Kasai.txt"
AFA = "countries/Afar.txt"
GBL = "countries/Gambela.txt"
AZW = "countries/Azawad.txt"
CPV = "countries/Caprivi.txt"
AGD = "countries/Agadez.txt"
CSM = "countries/Casamance.txt"
DRF = "countries/Darfur.txt"
BUG = "countries/Buganda.txt"
BSL = "countries/Barotseland.txt"
MTB = "countries/Matabeleland.txt"
ZLU = "countries/Zululand.txt"
BIK = "countries/Bioko.txt"
PTN = "countries/Patani.txt"
BGV = "countries/Bougainville.txt"
STC = "countries/Santa Cruz.txt"
ZUL = "countries/Zulia.txt"
FKL = "countries/Franklin.txt"
INT = "countries/Indian Territory.txt"
NAT = "countries/Northern Australia.txt"
WAT = "countries/Westralia.txt"
SAT = "countries/South Australia.txt"
CET = "countries/Central Australia.txt"
NSW = "countries/New South Wales.txt"
VCR = "countries/Victoria.txt"
QNS = "countries/Queensland.txt"
TAS = "countries/Tasmania.txt"
ACT = "countries/Canberra.txt"
NFI = "countries/Norfolk Island.txt"
SNZ = "countries/New Munster.txt"
NNZ = "countries/New Ulster.txt"
NLN = "countries/New Leinster.txt"
CAP = "countries/Cape.txt"
TSV = "countries/Transvaal.txt"
GQE = "countries/New Griqualand.txt"
GQW = "countries/Griqualand.txt"
NTL = "countries/Natalia.txt"
KVS = "countries/Klein Vrystaat.txt"
GOS = "countries/Goshen.txt"
STE = "countries/Stellaland.txt"
AOS = "countries/Aosta.txt"
ART = "countries/Artois.txt"
ACH = "countries/Aceh.txt"
SMK = "countries/South Maluku.txt"
PKM = "countries/Prekmurje.txt"
ENR = "countries/Entre Rios.txt"
PUN = "countries/Puntland.txt"
JUB = "countries/Jubaland.txt"
KOK = "countries/Kokand.txt"
WUK = "countries/WestUkraine.txt"
KZH = "countries/Zurich.txt" 
KBE = "countries/Bern.txt"
KLU = "countries/Luzern.txt" 
KRI = "countries/Uri.txt" 
KSZ = "countries/Schwyz.txt" 
KOW = "countries/Obwalden.txt" 
KNI = "countries/Nidwalden.txt" 
KGL = "countries/Glarus.txt" 
KZG = "countries/Zug.txt" 
KFR = "countries/Fribourg.txt" 
KSO = "countries/Solothurn.txt" 
KBS = "countries/BaselStadt.txt" 
KBL = "countries/BaselLandschaft.txt" 
KSC = "countries/Schaffhausen.txt" 
KAP = "countries/AppAusserr.txt" 
KAI = "countries/AppInnerr.txt" 
KSG = "countries/StGallen.txt" 
KGR = "countries/Graubunden.txt" 
KAG = "countries/Aargau.txt" 
KTH = "countries/Thurgau.txt" 
KTI = "countries/Ticino.txt" 
KVD = "countries/Vaud.txt" 
KVA = "countries/Valais.txt" 
KNE = "countries/Neuchatel.txt" 
KGE = "countries/Geneva.txt" 
KJU = "countries/Jura.txt" 
SUM = "countries/Sumatra.txt"
JAV = "countries/Java.txt"
SLW = "countries/Sulawesi.txt"
MLK = "countries/Maluku Islands.txt"
LSU = "countries/Lesser Sunda.txt"
WAS = "countries/West Austria.txt"
EAS = "countries/East Austria.txt"
SVI = "countries/South Vietnam.txt"
ANN = "countries/Annam.txt"
CCH = "countries/Cochinchina.txt"
LBN = "countries/Labuan.txt"
PNN = "countries/Penang.txt"
MLC = "countries/Malacca.txt"
DDN = "countries/Dinding.txt"
CTM = "countries/Christmas Island.txt"
KLG = "countries/Keeling Islands.txt"
TKO = "countries/Tokyo.txt"
PRK = "countries/Perak.txt"
SLG = "countries/Selangor.txt"
NGS = "countries/Negeri Sembilan.txt"
PHG = "countries/Pahang.txt"
SHL = "countries/Shetland.txt"
ORK = "countries/Orkney.txt"
BHM = "countries/Bornholm.txt"
GOT = "countries/Gotland.txt"
OLA = "countries/Öland.txt"
VDS = "countries/Vendyssel.txt"
MSG = "countries/Muskogee.txt"
CHK = "countries/Chickasaw.txt"
CRK = "countries/Cherokee.txt"
SMN = "countries/Seminole.txt"
CHW = "countries/Choctaw.txt"
CWD = "countries/Caddo-Wichita-Delaware.txt"
CYA = "countries/Cheyenne-Arapaho.txt"
KCA = "countries/Kiowa-Comanche-Apache.txt"
SNC = "countries/Seneca.txt"
CYG = "countries/Cayuga.txt"
PTS = "countries/Potawatomi-Shawnee.txt"
TKW = "countries/Tonkawa.txt"
PNC = "countries/Ponca.txt"
KAW = "countries/Kaw.txt"
OSG = "countries/Osage.txt"
PWN = "countries/Pawnee.txt"
OTM = "countries/Otoe-Missouria.txt"
IWN = "countries/Iowa.txt"
SFO = "countries/Sac and Fox.txt"
KCK = "countries/Kickapoo.txt"
MDC = "countries/Modoc.txt"
ESH = "countries/Eastern Shawnee.txt"
MIM = "countries/Miami.txt"
OTT = "countries/Ottawa.txt"
PRI = "countries/Peoria.txt"
WYD = "countries/Wyandotte.txt"
QPW = "countries/Quapaw.txt"
GOZ = "countries/Gozo.txt"
IGU = "countries/Independent Guiana.txt"
LON = "countries/London.txt"
LCS = "countries/Lancaster.txt"
AQT = "countries/Aquitaine.txt"
GSC = "countries/Gascony.txt"
EAN = "countries/East Anglia.txt"
ESX = "countries/Essex.txt"
KET = "countries/Kent.txt"
SSX = "countries/Sussex.txt"
WSX = "countries/Wessex.txt"
MER = "countries/Mercia.txt"
SRC = "countries/Strathclyde.txt"
CLI = "countries/Central Lithuania.txt"
INN = "countries/International Territory.txt"
RIL = "countries/Riau-Lingga.txt"
YOR = "countries/York.txt"
RED = "countries/Redonda.txt"
PTC = "countries/Pitcairn Islands.txt"
WAF = "countries/Wallis and Futuna.txt"
INI = "countries/Inini.txt"
SGR = "countries/South Algeria.txt"
IFN = "countries/Ifni.txt"
RDO = "countries/Rio de Oro.txt"
SEH = "countries/Seguia El Hamra.txt"
MMB = "countries/Mombasa.txt"
HSL = "countries/Inner Sierra Leone.txt"
MUL = "countries/Muli.txt"
GB2 = "countries/Bathurst.txt"
KBA = "countries/Kalba.txt"
DHB = "countries/Dhiebi.txt"
JFR = "countries/Jefferson.txt"
GOA = "countries/Goa.txt"
LIN = "countries/Lincoln.txt"
NMI = "countries/Northern Mariana Islands.txt"
NCZ = "countries/Nicaragua Canal.txt"
PVD = "countries/Parva Domus.txt"
JUL = "countries/Juliana.txt"
LBC = "countries/La Boca.txt"
HUM = "countries/Humanity.txt"
BEG = "countries/Berg.txt"
RGB = "countries/Regensburg.txt"
WRZ = "countries/Würzburg.txt"
AHB = "countries/Anhalt-Bernburg.txt"
AHD = "countries/Anhalt-Dessau.txt"
AHK = "countries/Anhalt-Köthen.txt"
ARB = "countries/Aremberg.txt"
HHS = "countries/Hohenzollern-Sigmaringen.txt"
HHH = "countries/Hohenzollern-Hechingen.txt"
ISB = "countries/Isenburg.txt"
RSE = "countries/Reuss-Ebersdorf.txt"
RSL = "countries/Reuss-Lobenstein.txt"
RSS = "countries/Reuss-Schleiz.txt"
SM1 = "countries/Salm.txt"
SCB = "countries/Saxe-Coburg.txt"
SGA = "countries/Saxe-Gotha-Altenburg.txt"
SH2 = "countries/Saxe-Hildburghausen.txt"
SW2 = "countries/Saxe-Weimar.txt"
TEU = "countries/Teutonic Order.txt"
BAY = "countries/Bayreuth.txt"
ASB = "countries/Aschaffenburg.txt"
NOF = "countries/Nassau-Oranje-Fulda.txt"
KNB = "countries/Katzenelnbogen.txt"
HNU = "countries/Hanau.txt"
FPR = "countries/Fürstprimas.txt"
HGL = "countries/Heligoland.txt"
NGC = "countries/Niger River.txt"
ORV = "countries/Oil Rivers.txt"
LGC = "countries/Lagos Colony.txt"
LGP = "countries/Lagos Protectorate.txt"
NNI = "countries/Northern Nigeria.txt"
SNI = "countries/Southern Nigeria.txt"
BOR = "countries/Bornu.txt"
SOK = "countries/Sokoto.txt"
TES = "countries/Tribal Emirate Syria.txt"
WTR = "countries/Water.txt"
SLD = "countries/Sealand.txt"
SXE = "countries/Saxe-Eisenach.txt"
TML = "countries/Tamil Nadu.txt"
MAH = "countries/Maharashtra.txt"
BIH = "countries/Bihar.txt"
ORI = "countries/Odisha.txt"
UTT = "countries/Uttar Pradesh.txt"
MDP = "countries/Madhya Pradesh.txt"
PSH = "countries/Pashtunistan.txt"
TRM = "countries/Tarim.txt"
PEP = "countries/Pepsi.txt"
CKC = "countries/Coke.txt"
RDN = "countries/Rondonia.txt"
PRA = "countries/Para.txt"
MTG = "countries/Mato Grosso.txt"
MGS = "countries/Mato Grosso do Sul.txt"
AMP = "countries/Amapa.txt"
ROR = "countries/Roraima.txt"
TCT = "countries/Tocartins.txt"
GOI = "countries/Goias.txt"
SPU = "countries/Sao Paulo.txt"
RDJ = "countries/Rio de Janeiro.txt"
ESS = "countries/Espirito Santo.txt"
BHA = "countries/Bahia.txt"
CRA = "countries/Ceara.txt"
RGN = "countries/Rio Grande do Norte.txt"
PRB = "countries/Paraiba.txt"
PNB = "countries/Pernambuco.txt"
AGS = "countries/Alagoas.txt"
SEP = "countries/Sergipe.txt"
PUI = "countries/Piaui.txt"
MRH = "countries/Maranhao.txt"
PRN = "countries/Parana.txt"
IGC = "countries/Igauacu.txt"
BFD = "countries/Brazillian Federal District.txt"
SNL = "countries/Sinaloa.txt"
CUU = "countries/Chihuahua.txt"
DRG = "countries/Durango.txt"
BCS = "countries/Baja California Sur.txt"
NUL = "countries/Nuevo Leon.txt"
TMU = "countries/Tamaulipas.txt"
ZCT = "countries/Zacatecas.txt"
SLP = "countries/San Luis Potosi.txt"
VRC = "countries/Veracruz.txt"
QTR = "countries/Quintana Roo.txt"
CPC = "countries/Campeche.txt"
TBS = "countries/Tabasco.txt"
OXC = "countries/Oaxaca.txt"
GRR = "countries/Guerrero.txt"
JLS = "countries/Jalisco.txt"
MHC = "countries/Michoacan.txt"
PBL = "countries/Puebla.txt"
CAU = "countries/Coahuila.txt"
NYR = "countries/Nayarit.txt"
AGC = "countries/Aguascalientes.txt"
CLM = "countries/Colima.txt"
GJR = "countries/Guanajuato.txt"
HDL = "countries/Hidalgo.txt"
MXS = "countries/Mexico State.txt"
MXC = "countries/Mexico City.txt"
MRL = "countries/Morelos.txt"
QTA = "countries/Queretaro.txt"
TXC = "countries/Tlaxcala.txt"
NAV = "countries/Navarre.txt"
EXD = "countries/Extremadura.txt"
CST = "countries/Castile.txt"
LMC = "countries/La Mancha.txt"
MDD = "countries/Madrid.txt"
SVA = "countries/Slavonia.txt"
CLC = "countries/South California.txt"
BIY = "countries/Bialystok.txt"
NOW = "countries/Nowogrodek.txt"
PSE = "countries/Polesie.txt"
VLH = "countries/Volhynia.txt"
LBL = "countries/Lublin.txt"
KIE = "countries/Kielce.txt"
VGR = "countries/Volga Germany.txt"
WSW = "countries/Warsaw.txt"
LDZ = "countries/Lodz.txt"
TAP = "countries/Tarnopol.txt"
LWO = "countries/Lwow.txt"
STW = "countries/Stanislawow.txt"
WLN = "countries/Wilno.txt"
MSV = "countries/Masovia.txt"
ASY = "countries/Assyria.txt"
ETC = "countries/East Turcomania.txt"
WTC = "countries/West Turcomania.txt"
SAZ = "countries/South Azerbaijan.txt"
MHB = "countries/Mahabad.txt"
GLN = "countries/Gilan.txt"
MZD = "countries/Mazandaran.txt"
ARL = "countries/Ardalan.txt"
LAR = "countries/Larestan.txt"
LRS = "countries/Lorestan.txt"
KHO = "countries/Khorasan.txt"
KRM = "countries/Kerman.txt"
FAS = "countries/Fars.txt"
TBR = "countries/Tabarestan.txt"
PSC = "countries/Provisional Republic of China.txt"
RFC = "countries/Reformed Republic of China.txt"
RGC = "countries/Reorganised Republic of China.txt"
HNN = "countries/Hunan.txt"
FUK = "countries/Fukien.txt"
NNK = "countries/Nanking.txt"
ZGH = "countries/Jungaria.txt"
TNT = "countries/Tientstin.txt"
ANW = "countries/Anhwei.txt"
KWC = "countries/Kweichow.txt"
CIL = "countries/Chihli.txt"
KGS = "countries/Kiangsu.txt"
HPH = "countries/Hupeh.txt"
KNG = "countries/Kiangsi.txt"
CKG = "countries/Chekiang.txt"
HOA = "countries/Honan.txt"
PKG = "countries/Peking.txt"
SGE = "countries/South Georgia.txt"
NIU = "countries/Niue.txt"
TKL = "countries/Union Islands.txt"
CKI = "countries/Cook Islands.txt"
DGC = "countries/Diego Garcia.txt"
MRG = "countries/Minas Gerais.txt"
FCK = "countries/City of Krakow.txt"
WRS = "countries/City of Warsaw.txt"
LKT = "countries/Lokot.txt"